헤어다이아 수원역점,경기도 수원시 팔달구 덕영대로 909 지번,031-251-9980
헤어다이아 인계점,경기도 수원시 팔달구 인계로138번길 49 지번,031-222-2977
가르마헤어 인계본점,경기도 수원시 팔달구 권광로142번길 43-21 지번,031-267-0895
헤어다이아 영통점,경기도 수원시 영통구 봉영로 1587 다모아프라자 2층 지번,031-204-8882
가르마헤어 수원역점,경기도 수원시 팔달구 덕영대로 905 아이메카 빌딩1층 지번,031-247-5363
헤어다이아 망포역점,경기도 수원시 영통구 영통로214번길 8 2층 지번,031-204-7897
타마시헤어 인계타워점,경기도 수원시 팔달구 권광로 184 캐슬타워 2층 지번,031-221-3684
헤어다이아 아주대점,경기도 수원시 영통구 중부대로 259 예스프라자 2층 지번,031-212-8199
살롱가르마 수원인계점,경기도 수원시 팔달구 권광로 184 캐슬타워 216~218호 지번,031-236-5363
헤어브로 인계점,경기도 수원시 팔달구 인계로138번길 8 301호 헤어브로인계점 지번,031-232-1052
라프,경기도 수원시 팔달구 권광로180번길 18-11 2층 202호 지번,031-898-6008
헤어더딥 광교본점,경기도 수원시 영통구 대학로 14 지번,031-211-8070
가르마헤어 로데오점,경기도 수원시 팔달구 향교로 23 3층~4층 지번,031-255-2086
헤어더딥 광교카페거리점,경기도 수원시 영통구 센트럴파크로127번길 80-7 지번,031-216-8090
헤어더딥 광교경기대역점,경기도 수원시 영통구 대학3로4번길 2 지번,031-212-9050
준오헤어 앨리웨이광교점,경기도 수원시 영통구 광교호수공원로 80 지번,031-8009-0655
준오헤어 수원노보텔점,경기도 수원시 팔달구 덕영대로 902 지번,031-547-6705
헤어다이아 수원시청인계점,경기도 수원시 팔달구 경수대로 426 AY타워 3층 지번,031-225-1015
박승철헤어스투디오 광교엘포트몰점,경기도 수원시 영통구 광교중앙로 145 광교엘포트몰 지하 1층 19호 지번,031-212-7778
보그헤어 수원성대점,경기도 수원시 장안구 서부로 2129 2층 지번,031-298-2251
타마시헤어 광교점,경기도 수원시 영통구 센트럴타운로 107 1층 23호 타마시헤어 광교점 지번,031-215-9978
준오헤어 수원롯데몰점,경기도 수원시 권선구 세화로 134 롯데몰 수원점 3층 준오헤어 지번,031-8066-1872
타마시헤어 인계CGV점,경기도 수원시 팔달구 권광로 181 씨네파크 1층 지번,031-222-3684
이안스타일 수원인계점,경기도 수원시 팔달구 권광로 169 지번,031-236-2201
MADE BY HAIR SALON,경기도 수원시 팔달구 일월로22번길 4 4층 MADE BY HAIR SALON 지번,031-227-7767
이철헤어커커 수원영통홈플러스점,경기도 수원시 영통구 봉영로 1576 영통홈플러스 4층 지번,031-206-2326
파란헤어 신영통점,경기도 수원시 영통구 영통로 115 지번,031-203-4456
아톰샵,경기도 수원시 팔달구 매산로 30-1 지번,031-256-2215
리소헤어 아주대점,경기도 수원시 팔달구 아주로 7 지번,031-215-2164
보노헤어 1호점,경기도 수원시 장안구 만석로19번길 25-6 광장프라자 2층 지번,031-269-6607
서빈헤어,경기도 수원시 장안구 만석로5번길 12-10 지번,031-271-1151
리안헤어 수원구운동점,경기도 수원시 권선구 구운로86번길 3 2층 리안헤어 지번,031-295-2506
타마시헤어 망포역점,경기도 수원시 영통구 덕영대로1555번길 13 세일빌딩 지번,031-205-3684
준오헤어 수원역로데오점,경기도 수원시 팔달구 매산로 11 지번,031-258-0605
바바라헤어,경기도 수원시 권선구 금곡로 219 리더스빌딩 203호 지번,031-227-7027
박승철헤어스투디오 수원영통점,경기도 수원시 영통구 반달로 22 2층 지번,031-205-0804
타마시헤어 아주대1호점,경기도 수원시 영통구 아주로 10 1층 지번,031-215-3684
오르제이헤어 코데쉬점,경기도 수원시 영통구 반달로 105 지번,031-202-0077
영스타헤어,경기도 수원시 영통구 덕영대로1471번길 84 2층 영스타헤어 지번,031-202-5582
H 스타일 헤어살롱 정자점,경기도 수원시 장안구 대평로 86 2층 지번,031-268-9500
리안헤어 세류점,경기도 수원시 권선구 세류로 32 센트럴프라자203호 지번,031-232-6677
루다헤어 화이트점,경기도 수원시 장안구 율전로 89 1층 지번,031-227-2530
타마시헤어 경희대점,경기도 수원시 영통구 영일로6번길 50 경희레스피아 2층 타마시헤어 지번,031-252-3684
레드폴바버샵 수원점,경기도 수원시 팔달구 권광로180번길 42-16 아르코발레노 내부 지번,010-7900-3486
우아수 헤어 망포역점,경기도 수원시 영통구 덕영대로1555번길 13 303호 지번,031-891-0125
제오헤어 영통점,경기도 수원시 영통구 봉영로 1605 모던타운 지번,031-205-5587
라렌붙임머리전문,|경기도 수원시 권선구 효원로256번길 33 한라비발디파크 1층111호, 112 호 지번|,010-9916-3472
345헤어살롱 아주대점,|경기도 수원시 팔달구 아주로 25 345헤어살롱1층,2층 지번|,031-309-0345
루다헤어 수원성대점,경기도 수원시 장안구 율전로 90-4 1층 루다헤어 수원성대점 지번,031-227-2533
쟈끄데상쥬JD망포역점,경기도 수원시 영통구 영통로 195 지번,031-273-1246
제이슨워크 바버샵,경기도 수원시 장안구 경수대로 950 아울렛쇼핑타운 4층 지번,010-4204-7297
머리빨,경기도 수원시 영통구 청명남로 25 클래시아 305호 지번,031-202-1196
헤어유니드 광교점,경기도 수원시 영통구 대학4로 9 리치프라자2 207호 지번,031-216-0315
박승철헤어스투디오 광교롯데마트점,경기도 수원시 영통구 센트럴타운로 85 롯데마트 지하1층 지번,031-216-8880
보노헤어 2호점,경기도 수원시 장안구 만석로19번길 25-5 센타프라자 지번,031-269-6605
헤어브로,경기도 수원시 팔달구 아주로 41 2층 헤어브로 지번,031-213-1052
준오헤어 광교센트럴프라자점,경기도 수원시 영통구 센트럴타운로 106 지번,031-217-0605
보그헤어 수원정자점,경기도 수원시 장안구 대평로90번길 16 202호 지번,031-271-2215
권홍헤어 영통점,경기도 수원시 영통구 봉영로 1569 NWE WORLD PLAZA 지번,031-206-6504
345헤어살롱 수원정자점,경기도 수원시 장안구 정자천로173번길 11-10 뱅뱅프라자 3층 지번,031-268-4200
수원붙임머리 싹퉁머리,|경기도 수원시 팔달구 인계로124번길 36 드라마프라자, 101호 지번|,031-239-7851
이철헤어커커 광교이마트점,경기도 수원시 영통구 광교로 191 지번,031-205-2326
리안헤어 수원천천점,경기도 수원시 장안구 만석로19번길 11-8 골든프라자 지번,031-269-2633
플랜에이치 수원인계점,경기도 수원시 팔달구 권광로175번길 52 지번,031-233-1030
박준뷰티랩 광교엘포트아이파크몰점,경기도 수원시 영통구 광교중앙로 145 광교엘포트아이파크 3층 1호 지번,031-214-1091
타마시헤어 수원천천점,경기도 수원시 장안구 만석로5번길 6 세화프라자 1층 지번,031-271-3684
수원붙임머리전문점 센스,경기도 수원시 팔달구 덕영대로895번길 3 지번,031-245-8640
박승철헤어스투디오 광교경기대점,경기도 수원시 영통구 대학로 18 1층 지번,031-215-7760
헤어팡팡 성균관대역점,경기도 수원시 장안구 서부로 2135 지번,031-278-3311
비비드헤어 아주대점,경기도 수원시 영통구 아주로 28 지번,031-213-3493
헤아 광교점,경기도 수원시 영통구 광교호수공원로 80 엘리웨이 광교 D동 129호 지번,031-548-1872
헤어바이자르다,경기도 수원시 팔달구 갓매산로 22 1층 102호 지번,031-241-3132
더클래식헤어레이크,경기도 수원시 영통구 센트럴파크로 6 힐스테이트광교 상가 114호 더클래식헤어 지번,031-211-6556
헤어엘 곡반점,경기도 수원시 권선구 곡선로49번길 12 103호 헤어엘 지번,031-235-8778
버블스토리 광교점,경기도 수원시 영통구 센트럴타운로 107 1-104호 지번,031-211-1184
유월애미장원,경기도 수원시 영통구 센트럴파크로127번길 158 1층 지번,031-211-6131
비담헤어,경기도 수원시 팔달구 덕영대로697번길 17 그린프라자1층 112-1호 지번,031-246-0220
순수 광교점,경기도 수원시 영통구 도청로18번길 26 2층 순수 광교점 지번,031-212-8323
인스타헤어 동수원점,경기도 수원시 팔달구 경수대로 605 2층 지번,031-241-3684
화보리헤어36.5천천점,경기도 수원시 장안구 덕영대로535번길 38 지번,031-268-5888
리안헤어 영통구청점,경기도 수원시 영통구 매탄로 106 두성프라자 지번,031-214-3315
타마시헤어 아주대2호점,경기도 수원시 영통구 중부대로256번길 3 지번,031-215-3685
인스타헤어 아주대점,경기도 수원시 영통구 아주로 42 2층 지번,031-214-2684
디오샵 북수원CGV점,경기도 수원시 장안구 경수대로 950 아일렛쇼핑타운 지번,031-247-5729
박승철헤어스투디오 뉴코아아울렛 동수원점,경기도 수원시 팔달구 인계로 154 뉴코아아울렛 8층 지번,031-237-7262
타마시헤어 수원역점,경기도 수원시 팔달구 매산로 22-1 지번,031-257-3684
보네르헤어카페,경기도 수원시 장안구 화산로213번길 31 지번,031-291-0982
보그헤어 서수원호매실점,경기도 수원시 권선구 금곡로 204 세종타운201호 보그헤어 지번,031-298-8828
헤어벅스,경기도 수원시 장안구 대평로 72 지번,031-268-7711
수원붙임머리 와이앤제이,경기도 수원시 권선구 동수원로177번길 40 116호 지번,031-233-5567
이가자헤어비스 AK플라자 수원점,경기도 수원시 팔달구 덕영대로 924 AK플라자수원점 6F 지번,031-240-1676
광교붙임머리 살롱드지,경기도 수원시 영통구 대학로 48 광교에코푸르지오시티 A동 205호 지번,010-5233-4555
은헤어,경기도 수원시 장안구 대평로 86 지번,031-269-3077
모모살롱,경기도 수원시 영통구 센트럴타운로100번길 20 지번,031-211-5745
이철헤어커커 북수원홈플러스점,경기도 수원시 장안구 경수대로 930 홈플러스 5층 지번,031-253-2326
토리헤어 아주대점,경기도 수원시 영통구 중부대로 244 지번,031-211-5011
박승철헤어스투디오 아주대점,|경기도 수원시 팔달구 중부대로239번길 5 알타워 101,102호 지번|,031-286-1004
장수바버숍,경기도 수원시 권선구 세지로126번길 22 1층 지번,070-7543-5106
헤어더꾸밈,경기도 수원시 권선구 동수원로146번길 290-1 지번,031-221-8237
단발머리,경기도 수원시 장안구 경수대로 935 지번,031-243-3325
리안헤어 호매실점,경기도 수원시 권선구 금곡로102번길 29 지번,031-297-7012
오르제이헤어 테바점,경기도 수원시 영통구 권선로882번길 55 지번,031-204-8448
말레헤어 ART,경기도 수원시 장안구 덕영대로 449 2층 말레헤어 Art 지번,031-224-4241
아린살롱,경기도 수원시 권선구 금곡로140번길 95-130 103호 지번,010-9757-1120
345헤어살롱 북수원점,경기도 수원시 장안구 경수대로 931 2층 345헤어살롱 북수원점 지번,031-241-0900
수원 붙임머리 마이샵,경기도 수원시 팔달구 덕영대로 923-10 506호 지번,010-4028-1280
타마시헤어 인계1호점,경기도 수원시 팔달구 권광로 204 지번,031-256-3684
유월애미장원 2호점,경기도 수원시 영통구 대학로 34 지번,031-216-7131
헤어현태양 롯데마트천천점,경기도 수원시 장안구 만석로19번길 25-10 롯데마트 지번,031-268-3363
리안헤어 신영통점,경기도 수원시 영통구 태장로 84 지번,031-273-8858
코코노블헤어 롯데아울렛 광교점,경기도 수원시 영통구 도청로 10 광교센트럴푸르지오시티 1층 롯데아울렛 1층 지번,031-8064-2187
박승철헤어스투디오 동수원홈플러스점,경기도 수원시 팔달구 효원로 257 홈플러스동수원점 4F 지번,031-222-4371
헤어팡팡 영통구청점,경기도 수원시 영통구 효원로 393 지번,031-214-1125
화보리헤어36.5권선점,경기도 수원시 권선구 세권로316번길 14 지번,031-225-8960
어반그라운드헤어 수원역점,경기도 수원시 팔달구 매산로 8 지번,031-258-8858
5.9헤어,경기도 수원시 팔달구 수성로 256 지번,031-242-4861
수샵헤어살롱,경기도 수원시 권선구 금곡로 213 딜라이트타워 1차 208호 미용실 지번,031-294-4847
헤어프랜드 영통점,경기도 수원시 영통구 청명남로 56 지번,031-205-1368
로꼬미용실,경기도 수원시 영통구 아주로 10-1 지번,031-216-4422
440헤어,경기도 수원시 영통구 영통로174번길 12 440헤어 지번,031-203-4402
살롱드카미야,경기도 수원시 영통구 덕영대로 1689 예주프라자 3층 지번,031-206-0306
리안헤어 수원북문점,경기도 수원시 장안구 정조로 917-1 LG전자프라자 지번,031-253-2220
더보노헤어,경기도 수원시 장안구 만석로19번길 25-6 광장프라자 2층 보노헤어 지번,031-269-6607
이철헤어커커 수원이마트점,경기도 수원시 권선구 경수대로 270 신세계이마트 2층 지번,031-296-2326
헤어아티스트M 수원역점,경기도 수원시 팔달구 매산로 7 2층 헤어아티스트 M 수원역점 지번,031-245-3459
오브라더스 바버샵,경기도 수원시 영통구 영통로174번길 79 지번,010-5338-5791
타마시헤어 경희대1호점,경기도 수원시 영통구 덕영대로 1705 1층 타마시헤어 경희대1호점 지번,031-203-3684
타마시헤어 북수원점,경기도 수원시 장안구 경수대로 971 2층 지번,031-251-3684
토리헤어 한일타운점,경기도 수원시 장안구 경수대로 965 명성빌딩 2층 지번,031-253-7178
헤어팡팡 호매실점,경기도 수원시 권선구 금곡로 202 이스페이스 204호 지번,031-292-4244
예뻐서봄날,경기도 수원시 권선구 칠보로 138 1층 103호 지번,031-292-6604
감성헤어 수원곡반정점,경기도 수원시 권선구 동수원로146번길 192-18 101호 지번,031-225-2865
살롱에이블,경기도 수원시 영통구 효원로 400 탑프라자 2층 살롱에이블미용실 지번,031-216-8777
장폴 헤어컬렉션 수원점,경기도 수원시 팔달구 매산로 1 지번,031-242-1644
리안헤어 수원남문점,경기도 수원시 팔달구 팔달문로 1 2층 지번,031-253-8811
프로헤어갤러리호매실점,경기도 수원시 권선구 금호로 56 지번,031-296-2506
와이하우스헤어룸,경기도 수원시 팔달구 권광로142번길 43-6 지번,031-222-7364
서앤강헤어,경기도 수원시 영통구 센트럴타운로 107 서앤강헤어 지번,031-217-1268
헤어라시타 영통점,경기도 수원시 영통구 봉영로 1612 보보스프라자 2층 헤어라시타 지번,031-202-7711
박승철헤어스투디오 인계점,경기도 수원시 팔달구 효원로308번길 16 1층 113호 박승철헤어스투디오 지번,031-237-5740
리안헤어 북수원cgv점,경기도 수원시 장안구 경수대로 950 패션아울렛 255호 리안헤어 지번,031-242-8778
먼스프로미스헤어,경기도 수원시 영통구 광교호수공원로 277 광교어뮤즈스퀘어 중흥상가지하1층 100호 지번,031-212-2130
설렘 헤어살롱,경기도 수원시 영통구 동수원로 448 현대 아파트 상가 202호 설렘 헤어살롱 지번,031-211-5881
주헤어24시붙임머리전문점,경기도 수원시 권선구 동수원로146번길 39 승인빌딩 1층 지번,010-3633-5262
이철헤어커커 광교도청역점,경기도 수원시 영통구 센트럴타운로 98 지번,031-203-2326
시크릿헤어,경기도 수원시 영통구 효원로 374 주공프라자2층 202호 지번,031-212-9134
안나미장,경기도 수원시 팔달구 화양로 27 1층 안나미장 지번,031-241-6218
마들렌헤어 세류점,경기도 수원시 권선구 덕영대로 1160-1 지번,031-237-3887
헤어살롱 봄,경기도 수원시 권선구 동수원로177번길 40 아이파크시티8단지 상가 1층 106호 지번,031-233-5234
살롱에이앤 망포역점,경기도 수원시 영통구 영통로 237 114호 지번,031-302-0004
타마시헤어 스타점,경기도 수원시 팔달구 중부대로 157 지번,031-216-3684
뷰티크라운붙임머리,경기도 수원시 팔달구 권광로196번길 17-6 사우전드빌딩 4층 지번,010-7209-7545
토리헤어 영통점,경기도 수원시 영통구 청명남로28번길 2 3층 지번,031-204-6766
마크101 광교본점,경기도 수원시 영통구 대학3로 1 303호 마크 101 지번,031-211-1015
헤어미카,경기도 수원시 권선구 세권로195번길 13 권선종합상가 지번,031-293-0610
루시아헤어,경기도 수원시 권선구 동수원로177번길 40 지번,031-232-3060
이안미장 헤어살롱,경기도 수원시 권선구 삼천병마로1598번길 32 대유빌딩 지번,031-295-3545
화보리헤어36.5 탑동점,경기도 수원시 권선구 탑동로57번길 6-6 지번,031-291-7961
야헤어 수원본점,경기도 수원시 장안구 경수대로 950 아일렛쇼핑타운 2층 지번,1577-4247
오늘의머리,경기도 수원시 권선구 동수원로146번길 218-1 지번,031-224-1717
굿헤어데이즈,경기도 수원시 팔달구 갓매산로 30 3층 지번,031-243-6001
신승원컷앤컷 수원점,경기도 수원시 팔달구 덕영대로 903 지번,031-256-7882
박승철헤어스투디오 호매실점,경기도 수원시 권선구 금곡로 219 리더스빌딩 202호 지번,031-298-1003
우아한살롱,경기도 수원시 영통구 월드컵로150번길 14 광교프라임 1층 우아한살롱 지번,031-548-4880
버블스토리 뉴코아아울렛 동수원점,경기도 수원시 팔달구 인계로 154 뉴코아아울렛 9층 지번,031-231-6930
더붙임머리,경기도 수원시 팔달구 갓매산로 31 홍익스포츠프라자 지번,010-9263-0486
가온힐조헤어 광교점,경기도 수원시 영통구 웰빙타운로 41 드림스퀘어2 2층 202호 지번,031-214-7771
헤어더봄,경기도 수원시 팔달구 효원로 269 에스팝타워 2층 지번,031-222-3988
감동을전하다,경기도 수원시 권선구 세권로196번길 10-2 1층 지번,070-4001-8404
뮤헤어 광교점,경기도 수원시 영통구 센트럴파크로127번길 125-4 지번,031-211-3125
더클래식헤어,경기도 수원시 영통구 도청로 65 자연앤 힐스테이트 상가 5406동 밑상가 지번,031-211-6037
모이라헤어,경기도 수원시 권선구 삼천병마로1598번길 32 대유빌딩 102호 지번,031-294-6660
바버브로바버샵 인계점,경기도 수원시 팔달구 경수대로 460 지번,031-222-9317
화보리헤어36.5 호매실점,경기도 수원시 권선구 금곡로102번길 37 센트럴프라자 B동 201호 지번,031-269-3006
머리공간,경기도 수원시 장안구 정자천로13번길 36 지번,031-293-0012
토리헤어 광교도청점,경기도 수원시 영통구 도청로89번길 23 지번,031-216-6766
헤어칙스,경기도 수원시 권선구 덕영대로 1205 미래타운빌딩 지번,031-237-8259
밍스헤어,경기도 수원시 팔달구 효원로 269 에스팝타워 3층 308호 지번,031-252-1645
로데오 헤어,경기도 수원시 팔달구 향교로 19 농강빌딩 1층 지번,031-246-5553
타마시헤어 수원역2호점,경기도 수원시 팔달구 덕영대로 899 지하1층 지번,031-203-5511
얼반헤어,경기도 수원시 영통구 권선로908번길 52-9 지번,031-202-7772
아트라 광교점,경기도 수원시 영통구 센트럴파크로127번길 96 지번,031-217-2774
이디엘헤어,경기도 수원시 영통구 영통로153번길 98 지번,031-206-7858
이가자헤어비스 수원아이파크애비뉴점,경기도 수원시 권선구 동수원로177번길 90 지번,031-233-8322
이헤어샵,경기도 수원시 권선구 매실로69번길 10 F동 1층 지번,031-305-1959
코시헤어 아주대점,경기도 수원시 영통구 중부대로 250 지번,031-211-3436
제이미스타일,경기도 수원시 권선구 금곡로102번길 15 지번,031-295-1813
hair salon A,경기도 수원시 권선구 세류로 30 B동 102호 지번,070-7576-0605
하루헤어,경기도 수원시 영통구 도청로 95 유니코어 알파동 1층 112호 지번,031-217-0481
Moon헤어살롱,경기도 수원시 팔달구 권광로196번길 57 103호 지번,031-225-1253
벨르헤어,경기도 수원시 권선구 경수대로 270 주차빌딩 지번,031-267-5700
지노헤어 수원남문점,경기도 수원시 팔달구 정조로 781 1층 지번,031-253-7422
JINHAIR뷰티크,경기도 수원시 장안구 정조로 1042 2층 진헤어 뷰티크 지번,031-256-7006
고저스헤어살롱,경기도 수원시 영통구 영통로 151 지번,031-203-1112
토리헤어 수원터미널점,경기도 수원시 권선구 덕영대로1201번길 20 효림빌딩 2층 지번,031-226-6764
화두헤어살롱,경기도 수원시 영통구 매영로 423 지번,031-203-9604
리안헤어 광교호수점,경기도 수원시 영통구 센트럴파크로 33 광교힐스테이트레이크 지상 1층 104호 지번,031-213-8890
살롱드에이치,경기도 수원시 영통구 매탄로79번길 18 1층 지번,031-548-2412
오늘헤어,경기도 수원시 팔달구 아주로27번길 10-21 2층 오늘헤어 지번,031-8025-3033
원헤어살롱,경기도 수원시 영통구 청명남로 48-1 오복빌딩 5층 지번,031-202-0999
e붙임머리 수원역점,경기도 수원시 팔달구 덕영대로 899 세진브론즈빌 지번,031-252-1087
살롱드지디헤어,경기도 수원시 장안구 팔달로 259 1층 지번,031-258-0606
루미에르헤어,경기도 수원시 장안구 경수대로 950 지번,031-245-2001
썬스바버샵,경기도 수원시 영통구 센트럴파크로127번길 67 sun's barber shop 지번,031-211-8514
행복한살롱,경기도 수원시 영통구 센트럴파크로127번길 139 지번,031-217-7727
타미헤어살롱,경기도 수원시 권선구 하탑로 38 지번,031-890-4191
토모헤어,경기도 수원시 영통구 태장로 77 지번,031-205-3361
이민헤어앤네일,경기도 수원시 영통구 센트럴타운로 103 지번,031-214-1166
제이룸 헤어,경기도 수원시 장안구 장안로 394 J.ROOM 헤어 지번,031-271-5123
봄봄헤어,경기도 수원시 권선구 권광로 55 지번,031-232-0878
린다헤어 광교점,경기도 수원시 영통구 대학1로8번길 43 린다헤어 지번,031-215-2399
에이치앤코헤어,경기도 수원시 영통구 대학3로4번길 12 지번,031-257-0841
박승철헤어스투디오 수원망포역점,경기도 수원시 영통구 영통로 195 지번,031-205-5266
토리헤어 수원역점,경기도 수원시 팔달구 매산로 19 지번,031-254-6766
모던살롱,경기도 수원시 영통구 월드컵로193번길 72-6 102호 지번,031-211-9890
화보리헤어36.5 금곡점,경기도 수원시 권선구 서수원로523번길 30-15 지번,031-294-2950
이철헤어커커 원천홈플러스점,경기도 수원시 영통구 중부대로 437 원천홈플러스 1층 지번,031-247-2326
더진헤어,경기도 수원시 장안구 수성로 259 지번,031-242-5592
본헤어,경기도 수원시 팔달구 화양로67번길 10 상가동 105호 본헤어 지번,031-254-5065
봄꽃헤어,경기도 수원시 권선구 동수원로146번길 316-3 1층 지번,031-306-4213
디디헤어,경기도 수원시 영통구 대학3로4번길 7 1층 105호 지번,031-304-9771
샵헤어감성,경기도 수원시 권선구 금곡로 46 상가 105호 헤어감성 지번,031-278-5157
토리헤어 망포점,경기도 수원시 영통구 영통로 135 지번,031-204-6866
벨르뷰티헤어,경기도 수원시 영통구 중부대로 259 지번,031-226-4600
제이하우스 아주대점,경기도 수원시 팔달구 중부대로223번길 20-14 지번,010-2494-6611
헤이미쉬헤어살롱,경기도 수원시 권선구 칠보로125번길 16 지번,031-296-6343
빈헤어비즈,경기도 수원시 영통구 매영로345번길 7 영통트리플렉스 지번,031-203-0970
헤어 바이 제이,경기도 수원시 권선구 세지로 28 1층 지번,031-222-0731
헤어망고 수원망포점,경기도 수원시 영통구 영통로 124 지번,031-206-3388
헤어팩토리,경기도 수원시 장안구 대평로 74 2층 헤어팩토리 지번,031-269-6020
머리해여,경기도 수원시 권선구 노림로 8 지번,031-294-3233
박승철헤어스투디오 영통롯데마트점,경기도 수원시 영통구 봉영로 1579 롯데마트 영통점 지번,031-206-9949
모즈헤어 화서점,경기도 수원시 팔달구 일월로42번길 8-29 지번,031-296-6589
우아룸,경기도 수원시 영통구 매탄로79번길 5-5 102호 우아룸 지번,010-3006-2428
이민헤어혼,경기도 수원시 권선구 금곡로 116 유동타워2층204호 지번,031-278-3688
올라헤어,경기도 수원시 영통구 에듀타운로 101 지번,031-216-0923
맨즈헤어,경기도 수원시 영통구 덕영대로 1400 a동 2층 208호 지번,031-895-4557
87바이브맨즈헤어,경기도 수원시 영통구 법조로149번길 276 지번,031-211-1987
토리헤어 호매실점,경기도 수원시 권선구 금곡로102번길 48 지번,031-291-0021
리안헤어 수원율현점,경기도 수원시 팔달구 일월로22번길 10 리더스빌딩 지번,031-298-4077
리안헤어 수원삼성디지털시티점,경기도 수원시 영통구 삼성로 178-2 지번,031-215-5375
ABC헤어 수원역점,경기도 수원시 팔달구 덕영대로 913 3층 지번,031-242-6766
헤어클로제 권선점,경기도 수원시 권선구 권광로 64 지번,031-212-8002
이훈헤어칼라 수원1호점,경기도 수원시 팔달구 덕영대로 935 지번,031-241-8266
소녀감성헤어,경기도 수원시 권선구 권광로 119 2층 지번,031-233-3211
자르다헤어,경기도 수원시 권선구 금곡로197번길 18-23 해피라움블루 주차타워빌딩 1층 자르다헤어 지번,031-298-1117
빈헤어비즈 바비점,경기도 수원시 권선구 세권로 313 지번,031-238-6069
별빛헤어살롱,경기도 수원시 팔달구 권광로207번길 39 2층 202호 지번,031-222-0441
토리헤어 천천점,경기도 수원시 장안구 만석로19번길 41-9 롯데프라자 지번,031-271-1771
까 수원영통점,경기도 수원시 영통구 청명남로 21 지번,1599-7541
여가미장,경기도 수원시 팔달구 권광로175번길 31-9 지번,010-9214-7741
온아한헤어살롱,경기도 수원시 영통구 영통로90번길 24 101호 지번,031-302-2505
곡반정동 헤어더크라운,경기도 수원시 권선구 경수대로54번길 100-6 지번,031-232-1345
헤네스,경기도 수원시 권선구 금곡로118번길 34-4 1F 지번,031-294-4945
부바살롱,경기도 수원시 영통구 도청로89번길 31 지타워 1층 지번,031-214-7034
ParkHyun Hair Salon,경기도 수원시 영통구 권선로882번길 31-4 1층 ParkHyun Hair Salon 지번,031-202-7700
계절헤어샵,경기도 수원시 권선구 효탑로16번길 55-70 지번,070-8790-8299
더행복헤어,경기도 수원시 권선구 매송고색로 661-1 지번,031-8025-2496
원더우먼,경기도 수원시 팔달구 수성로157번길 49-5 지번,031-268-0122
딜라이트 미용실,경기도 수원시 영통구 아주로 24 2층 지번,031-216-9333
비올레타헤어,경기도 수원시 영통구 광교호수공원로 277 1층 40호 지번,031-212-9708
림헤어,경기도 수원시 영통구 봉영로 1767 지번,031-202-5043
345헤어살롱 호매실점,경기도 수원시 권선구 금곡로196번길 67 203호 지번,031-291-3800
박준뷰티랩 수원망포점,경기도 수원시 영통구 영통로112번길 30 지번,031-205-3636
헤어라보떼,경기도 수원시 장안구 이목로 24-3 스카이프라자 101호 지번,031-269-2244
디아르떼보스헤어 영통점,경기도 수원시 영통구 반달로 29 지번,031-205-8685
제이원바버샵,경기도 수원시 팔달구 권광로175번길 52 101호 지번,031-221-1121
탑헤어,경기도 수원시 장안구 서부로 2109 지번,031-295-2224
미쓰리헤어,경기도 수원시 팔달구 아주로 9 용성빌딩2층 지번,031-214-5525
프레스카헤어,경기도 수원시 영통구 센트럴파크로127번길 16 지번,031-215-1306
버블스토리 이마트서수원점,경기도 수원시 권선구 수인로 291 서수원버스터미널 지번,031-291-7088
리안헤어 수원인계점,경기도 수원시 팔달구 권광로 181 지번,031-222-8477
이가자헤어비스 서수원이마트점,경기도 수원시 권선구 수인로 291 이마트 3층 이가자헤어비스 지번,031-292-3555
살롱에이 광교점,경기도 수원시 영통구 센트럴파크로127번길 120 지번,031-215-1507
알루 광교점,경기도 수원시 영통구 법조로149번길 213 지번,031-214-7767
연헤어,경기도 수원시 영통구 영통로154번길 98 2층 지번,031-203-5745
나우즈,경기도 수원시 영통구 센트럴타운로 107 광교푸르지오월드스퀘어 1층 44호 지번,010-5680-7040
메종드헤어0403 수원인계점,경기도 수원시 권선구 효원로 274 유심빌딩 3층 지번,031-234-3191
이훈ALL30000,경기도 수원시 권선구 권선로 472 지번,031-232-3534
나이스가이 광교호수공원점,경기도 수원시 영통구 광교호수공원로 277 어뮤즈스퀘어 지하2층 30호 지번,031-306-8285
헤라엠뷰티,경기도 수원시 권선구 매실로53번길 10-1 1층 지번,031-291-2897
